{"arch": "x86", "os": "linux", "functions": [{"address": 134518496, "return_address": {"memory": {"register": "ESP", "offset": 0}, "type": "I"}, "return_stack_pointer": {"register": "ESP", "offset": 4, "type": "I"}, "parameters": [{"memory": {"register": "ESP", "offset": 4}, "type": "*v"}, {"memory": {"register": "ESP", "offset": 8}, "type": "*v"}], "return_values": [{"register": "EAX", "type": "*v"}], "register_info": [{"register": "EAX", "address": 134518497, "type": "*v"}, {"register": "EAX", "address": 134518497, "type": "*v"}, {"register": "ESI", "address": 134518501, "type": "*v"}, {"register": "ESI", "address": 134518501, "type": "*v"}, {"register": "ESI", "address": 134518505, "type": "*v"}, {"register": "ESI", "address": 134518505, "type": "*v"}, {"register": "ESI", "address": 134518509, "type": "*v"}, {"register": "ESI", "address": 134518509, "type": "*v"}, {"register": "ESI", "address": 134518513, "type": "*v"}, {"register": "EAX", "address": 134518517, "type": "*v"}, {"register": "EAX", "address": 134518542, "type": "*v"}, {"register": "EAX", "address": 134518546, "type": "*v"}, {"register": "EAX", "address": 134518538, "type": "*v"}, {"register": "EAX", "address": 134518552, "type": "*v"}]}], "control_flow_redirections": [], "control_flow_targets": [], "variables": [], "symbols": [[134518496, "rx_brake_routine"], [134512640, "__elf_header"], [134512692, "__elf_program_headers"], [134513044, "__elf_interp"], [134513132, "__elf_hash_table"], [134513340, "__elf_symbol_table"], [134516736, "_init"], [134516784, "setsockopt"], [134516800, "read"], [134516816, "printf"], [134516832, "time"], [134516848, "lseek"], [134516864, "sleep"], [134516880, "select"], [134516896, "ctime"], [134516912, "ioctl"], [134516928, "perror"], [134516944, "strcpy"], [134516960, "malloc"], [134516976, "puts"], [134516992, "clock"], [134517008, "open"], [134517024, "__libc_start_main"], [134517040, "fprintf"], [134517056, "write"], [134517072, "bind"], [134517088, "fopen"], [134517104, "snprintf"], [134517120, "socket"], [134517136, "_start"], [134517200, "_dl_relocate_static_pie"], [134517216, "__x86.get_pc_thunk.bx"], [134517232, "deregister_tm_clones"], [134517296, "register_tm_clones"], [134517360, "__do_global_dtors_aux"], [134517408, "frame_dummy"], [134517424, "main"], [134518352, "init_can"], [134518560, "rx_signal_routine"], [134518592, "initialize_pins"], [134519056, "get_pin"], [134519280, "set_power"], [134519360, "set_state"], [134519424, "enable_pin"], [134519488, "disable_pin"], [134519552, "polarity_normal"], [134519616, "set_period"], [134519696, "get_period"], [134519760, "set_duty"], [134519856, "get_duty"], [134519920, "init_bumper"], [134519984, "brake"], [134520080, "brake_flash"], [134520160, "turn_signal_routine"], [134520272, "brake_routine"], [134520320, "__libc_csu_init"], [134520416, "__libc_csu_fini"], [134520417, "__x86.get_pc_thunk.bp"], [134520424, "_fini"], [134520832, "_fp_hw"], [134520836, "_IO_stdin_used"], [134522596, "jump_table_804a6e4"], [134522656, "__GNU_EH_FRAME_HDR"], [134522956, "__FRAME_END__"], [134528772, "__frame_dummy_init_array_entry"], [134528772, "__init_array_start"], [134528776, "__init_array_end"], [134528776, "__do_global_dtors_aux_fini_array_entry"], [134528780, "__elf_dynamic_table"], [134528780, "_DYNAMIC"], [134529020, "__gmon_start__"], [134529024, "_GLOBAL_OFFSET_TABLE_"], [134529036, "setsockopt"], [134529040, "read"], [134529044, "printf"], [134529048, "time"], [134529052, "lseek"], [134529056, "sleep"], [134529060, "select"], [134529064, "ctime"], [134529068, "ioctl"], [134529072, "perror"], [134529076, "strcpy"], [134529080, "malloc"], [134529084, "puts"], [134529088, "clock"], [134529092, "open"], [134529096, "__libc_start_main"], [134529100, "fprintf"], [134529104, "write"], [134529108, "bind"], [134529112, "fopen"], [134529116, "snprintf"], [134529120, "socket"], [134529124, "__data_start"], [134529124, "data_start"], [134529128, "__dso_handle"], [134529132, "_edata"], [134529132, "__TMC_END__"], [134529132, "__bss_start"], [134529132, "completed.0"], [134529136, "pinIR"], [134529156, "pinIL"], [134529176, "pinOR"], [134529196, "pinOL"], [134529216, "__gmon_start__"], [134529220, "__libc_start_main"], [134529224, "bind"], [134529228, "clock"], [134529232, "ctime"], [134529236, "fopen"], [134529240, "fprintf"], [134529244, "ioctl"], [134529248, "lseek"], [134529252, "malloc"], [134529256, "open"], [134529260, "perror"], [134529264, "printf"], [134529268, "puts"], [134529272, "read"], [134529276, "select"], [134529280, "setsockopt"], [134529284, "sleep"], [134529288, "snprintf"], [134529292, "socket"], [134529296, "strcpy"], [134529300, "time"], [134529304, "write"]], "memory": [{"address": 134518496, "is_writeable": false, "is_executable": true, "data": "568b44240c8b7424080fb656030fb64e02f646040c0f95400574130fb7d2c1e2086609ca7e0680780400740c5ec3c6400600c64004005ec3c64006015ec3"}]}